{"layout":"pv-3luik_v2-1080p","description":"","regions":{"234":"Links","235":"Rechtsboven","236":"Rechtsonder"},"drawers":{"237":"bg-1080p-1frame-bar-2 - drawer"},"layoutDefinitions":{"layoutId":89,"ownerId":1,"campaignId":27,"parentId":null,"publishedStatusId":1,"publishedStatus":"Published","publishedDate":null,"backgroundImageId":29,"schemaVersion":4,"layout":"pv-3luik_v2-1080p","description":"","backgroundColor":"#ffffff","createdDt":"2025-04-07 13:16:34","modifiedDt":"2025-04-07 13:19:29","status":1,"retired":0,"backgroundzIndex":0,"width":1920,"height":1080,"orientation":"landscape","displayOrder":null,"duration":60,"statusMessage":null,"enableStat":0,"autoApplyTransitions":0,"code":null,"isLocked":null,"regions":[{"regionId":234,"layoutId":89,"ownerId":1,"type":"frame","name":"Links","width":1198,"height":1044,"top":17,"left":18,"zIndex":0,"syncKey":null,"regionOptions":[{"regionId":234,"option":"loop","value":"0"},{"regionId":234,"option":"transitionDirection","value":"N"},{"regionId":234,"option":"transitionDuration","value":null},{"regionId":234,"option":"transitionType","value":""}],"permissions":[],"duration":60,"isDrawer":0,"actions":[],"tempId":null,"regionPlaylist":{"playlistId":236,"ownerId":1,"name":"Links","regionId":234,"isDynamic":0,"filterMediaName":null,"filterMediaNameLogicalOperator":"OR","filterMediaTags":null,"filterExactTags":0,"filterMediaTagsLogicalOperator":"OR","maxNumberOfItems":0,"createdDt":"2025-04-07 13:16:34","modifiedDt":"2025-04-07 13:16:35","duration":0,"requiresDurationUpdate":0,"enableStat":null,"tags":[],"widgets":[{"widgetId":142,"playlistId":236,"ownerId":1,"type":"embedded","duration":60,"displayOrder":1,"useDuration":1,"calculatedDuration":60,"createdDt":1670080208,"modifiedDt":1744024594,"fromDt":0,"toDt":2147483647,"schemaVersion":1,"transitionIn":null,"transitionOut":null,"transitionDurationIn":null,"transitionDurationOut":null,"widgetOptions":[{"widgetId":142,"type":"attrib","option":"embedHtml_advanced","value":"0"},{"widgetId":142,"type":"attrib","option":"enableStat","value":"Inherit"},{"widgetId":142,"type":"attrib","option":"isPreNavigate","value":"0"},{"widgetId":142,"type":"attrib","option":"lowerLimit","value":"0"},{"widgetId":142,"type":"attrib","option":"name","value":"Dagproductie"},{"widgetId":142,"type":"attrib","option":"scaleContent","value":"0"},{"widgetId":142,"type":"attrib","option":"transparency","value":"0"},{"widgetId":142,"type":"attrib","option":"upperLimit","value":"0"},{"widgetId":142,"type":"cdata","option":"embedHtml","value":"<img src=\"http:\/\/svrdocker01:3000\/render\/d-solo\/gXbpC4Cnz\/pv-installatie?orgId=1&theme=light&panelId=4&width=1024&height=900&tz=Europe%2FAmsterdam\" style=\"width: 100%;\"\/>"},{"widgetId":142,"type":"cdata","option":"embedScript","value":""},{"widgetId":142,"type":"cdata","option":"embedStyle","value":""}],"mediaIds":[],"audio":[],"permissions":[],"playlist":"Links","actions":[],"tempId":null,"tempWidgetId":null,"isValid":false,"isNew":false,"folderId":2,"permissionsFolderId":2,"isDynamic":0}],"permissions":[],"tempId":null,"owner":"admin","groupsWithPermissions":null,"folderId":2,"permissionsFolderId":2}},{"regionId":235,"layoutId":89,"ownerId":1,"type":"frame","name":"Rechtsboven","width":661,"height":649,"top":18,"left":1241,"zIndex":0,"syncKey":null,"regionOptions":[{"regionId":235,"option":"loop","value":"0"},{"regionId":235,"option":"transitionDirection","value":"N"},{"regionId":235,"option":"transitionDuration","value":null},{"regionId":235,"option":"transitionType","value":""}],"permissions":[],"duration":60,"isDrawer":0,"actions":[],"tempId":null,"regionPlaylist":{"playlistId":237,"ownerId":1,"name":"Rechtsboven","regionId":235,"isDynamic":0,"filterMediaName":null,"filterMediaNameLogicalOperator":"OR","filterMediaTags":null,"filterExactTags":0,"filterMediaTagsLogicalOperator":"OR","maxNumberOfItems":0,"createdDt":"2025-04-07 13:16:34","modifiedDt":"2025-04-07 13:16:35","duration":0,"requiresDurationUpdate":0,"enableStat":null,"tags":[],"widgets":[{"widgetId":143,"playlistId":237,"ownerId":1,"type":"embedded","duration":60,"displayOrder":1,"useDuration":0,"calculatedDuration":60,"createdDt":1670080941,"modifiedDt":1744024594,"fromDt":0,"toDt":2147483647,"schemaVersion":1,"transitionIn":null,"transitionOut":null,"transitionDurationIn":null,"transitionDurationOut":null,"widgetOptions":[{"widgetId":143,"type":"attrib","option":"embedHtml_advanced","value":"0"},{"widgetId":143,"type":"attrib","option":"enableStat","value":"Inherit"},{"widgetId":143,"type":"attrib","option":"isPreNavigate","value":"0"},{"widgetId":143,"type":"attrib","option":"lowerLimit","value":"0"},{"widgetId":143,"type":"attrib","option":"name","value":"Actueel vermogen"},{"widgetId":143,"type":"attrib","option":"scaleContent","value":"0"},{"widgetId":143,"type":"attrib","option":"transparency","value":"0"},{"widgetId":143,"type":"attrib","option":"upperLimit","value":"0"},{"widgetId":143,"type":"cdata","option":"embedHtml","value":"<img src=\"http:\/\/svrdocker01:3000\/render\/d-solo\/gXbpC4Cnz\/pv-installatie?orgId=1&theme=light&panelId=2&width=700&height=700&tz=Europe%2FAmsterdam\" style=\"width: 100%\" \/>"},{"widgetId":143,"type":"cdata","option":"embedScript","value":""},{"widgetId":143,"type":"cdata","option":"embedStyle","value":""}],"mediaIds":[],"audio":[],"permissions":[],"playlist":"Rechtsboven","actions":[],"tempId":null,"tempWidgetId":null,"isValid":false,"isNew":false,"folderId":2,"permissionsFolderId":2,"isDynamic":0}],"permissions":[],"tempId":null,"owner":"admin","groupsWithPermissions":null,"folderId":2,"permissionsFolderId":2}},{"regionId":236,"layoutId":89,"ownerId":1,"type":"frame","name":"Rechtsonder","width":659,"height":365,"top":696,"left":1242,"zIndex":0,"syncKey":null,"regionOptions":[{"regionId":236,"option":"loop","value":"0"},{"regionId":236,"option":"transitionDirection","value":"N"},{"regionId":236,"option":"transitionDuration","value":null},{"regionId":236,"option":"transitionType","value":""}],"permissions":[],"duration":60,"isDrawer":0,"actions":[],"tempId":null,"regionPlaylist":{"playlistId":238,"ownerId":1,"name":"Rechtsonder","regionId":236,"isDynamic":0,"filterMediaName":null,"filterMediaNameLogicalOperator":"OR","filterMediaTags":null,"filterExactTags":0,"filterMediaTagsLogicalOperator":"OR","maxNumberOfItems":0,"createdDt":"2025-04-07 13:16:34","modifiedDt":"2025-04-07 13:16:35","duration":0,"requiresDurationUpdate":0,"enableStat":null,"tags":[],"widgets":[{"widgetId":144,"playlistId":238,"ownerId":1,"type":"embedded","duration":60,"displayOrder":1,"useDuration":0,"calculatedDuration":60,"createdDt":1670081047,"modifiedDt":1744024769,"fromDt":0,"toDt":2147483647,"schemaVersion":1,"transitionIn":null,"transitionOut":null,"transitionDurationIn":null,"transitionDurationOut":null,"widgetOptions":[{"widgetId":144,"type":"attrib","option":"embedHtml_advanced","value":"0"},{"widgetId":144,"type":"attrib","option":"enableStat","value":"Inherit"},{"widgetId":144,"type":"attrib","option":"lowerLimit","value":"0"},{"widgetId":144,"type":"attrib","option":"name","value":"Totale opwek"},{"widgetId":144,"type":"attrib","option":"upperLimit","value":"0"},{"widgetId":144,"type":"cdata","option":"embedHtml","value":"<img src=\"http:\/\/svrdocker01:3000\/render\/d-solo\/gXbpC4Cnz\/pv-installatie?orgId=1&from=now%2Fd&to=now&theme=light&panelId=6&width=700&height=390&tz=Europe%2FAmsterdam\" style=\"width: 100%\" \/>"},{"widgetId":144,"type":"cdata","option":"embedJavaScript","value":""},{"widgetId":144,"type":"cdata","option":"embedScript","value":""},{"widgetId":144,"type":"cdata","option":"embedStyle","value":""}],"mediaIds":[],"audio":[],"permissions":[],"playlist":"Rechtsonder","actions":[],"tempId":null,"tempWidgetId":null,"isValid":false,"isNew":false,"folderId":2,"permissionsFolderId":2,"isDynamic":0}],"permissions":[],"tempId":null,"owner":"admin","groupsWithPermissions":null,"folderId":2,"permissionsFolderId":2}}],"tags":[],"drawers":[{"regionId":237,"layoutId":89,"ownerId":1,"type":"playlist","name":"bg-1080p-1frame-bar-2 - drawer","width":1920,"height":1080,"top":0,"left":0,"zIndex":0,"syncKey":null,"regionOptions":[],"permissions":[],"duration":0,"isDrawer":1,"actions":[],"tempId":null,"regionPlaylist":{"playlistId":239,"ownerId":1,"name":"bg-1080p-1frame-bar-2 - drawer","regionId":237,"isDynamic":0,"filterMediaName":null,"filterMediaNameLogicalOperator":"OR","filterMediaTags":null,"filterExactTags":0,"filterMediaTagsLogicalOperator":"OR","maxNumberOfItems":0,"createdDt":"2025-04-07 13:16:34","modifiedDt":"2025-04-07 13:16:34","duration":0,"requiresDurationUpdate":0,"enableStat":null,"tags":[],"widgets":[],"permissions":[],"tempId":null,"owner":"admin","groupsWithPermissions":null,"folderId":2,"permissionsFolderId":2}}],"actions":[],"permissions":[],"campaigns":[{"campaignId":12,"ownerId":1,"type":"list","campaign":"Kantineschermen","isLayoutSpecific":0,"numberLayouts":4,"totalDuration":null,"tags":[],"folderId":2,"permissionsFolderId":2,"cyclePlaybackEnabled":0,"playCount":0,"listPlayOrder":"round","targetType":null,"target":0,"startDt":0,"endDt":0,"plays":0,"spend":0,"impressions":0,"lastPopId":null,"ref1":null,"ref2":null,"ref3":null,"ref4":null,"ref5":null,"createdAt":"2024-03-27 09:09:09","modifiedAt":null,"modifiedBy":0,"modifiedByName":null,"layouts":[],"displayGroupIds":[],"retired":0},{"campaignId":17,"ownerId":1,"type":"list","campaign":"Receptieschermen","isLayoutSpecific":0,"numberLayouts":3,"totalDuration":null,"tags":[],"folderId":2,"permissionsFolderId":2,"cyclePlaybackEnabled":0,"playCount":0,"listPlayOrder":"round","targetType":null,"target":0,"startDt":0,"endDt":0,"plays":0,"spend":0,"impressions":0,"lastPopId":null,"ref1":null,"ref2":null,"ref3":null,"ref4":null,"ref5":null,"createdAt":"2024-03-27 09:09:09","modifiedAt":null,"modifiedBy":0,"modifiedByName":null,"layouts":[],"displayGroupIds":[],"retired":0}],"owner":"admin","groupsWithPermissions":null,"folderId":2,"permissionsFolderId":2}}